,model
0,AAC-1 Toucan
1,AEGK
2,AT L98 Carvair
3,ATR 42-300
4,ATR-42-300
5,ATR-72-202
6,ATR-72-212
7,Aermacchi MB-339PAN (3 aircraft)
8,Aero Commander  520
9,Aero Commander 500-B
10,Aero Commander 500A
11,Aero Commander 560
12,Aero Commander 560-A
13,Aero Commander 560-F
14,Aero Commander 680
15,Aero Commander 680-E
16,Aero Commander 680E
17,Aero Commander 681
18,Aerospatiale 330G Puma
19,Aerospatiale 330J Puma
20,Aerospatiale 350B1
21,Aerospatiale 350D
22,Aerospatiale AS-350B
23,Aerospatiale AS-350BA
24,Aerospatiale AS350 Eurocopter  helicoper
25,Aerospatiale AS350BA
26,Aerospatiale AS350BA Rotocraft
27,Aerospatiale AS350D
28,Aerospatiale AS355-F1
29,Aerospatiale ATR-42-300
30,Aerospatiale ATR-42-512
31,Aerospatiale ATR-72
32,Aerospatiale Alenia ATR-42
33,Aerospatiale Alenia ATR-42-312
34,Aerospatiale BAe Concorde 101
35,Aerospatiale Caravelle 10B3
36,Aerospatiale Caravelle 10R
37,Aerospatiale Caravelle 3
38,Aerospatiale Caravelle 6N
39,Aerospatiale Caravelle 6R
40,Aerospatiale Caravelle Super 10B
41,Aerospatiale Corvette
42,Aerospatiale Nord 262A-33
43,Aerospatiale Puma
44,Aerospatiale SA-330J
45,Aerospatiale SA316B
46,Aerospatiale SA365N-1 Dauphin II
47,Aerospatiale SN-601 Corvette
48,Aerospeciale AS-350D
49,Aerostar 601
50,Aerostar 601P
51,Agusta A109A MK II
52,Airbus A-300-605R
53,Airbus A-310-204
54,Airbus A-310-324
55,Airbus A-310-324ET
56,Airbus A-320-233
57,Airbus A-330-243
58,Airbus A-340
59,Airbus A.300B4-203
60,Airbus A.320-214
61,Airbus A.330-301
62,Airbus A300
63,Airbus A300-600R
64,Airbus A300-622R
65,Airbus A300-B4-200
66,Airbus A300B2-101
67,Airbus A300B2-1C
68,Airbus A300B2-203
69,Airbus A300B4-203
70,Airbus A300B4-622R
71,Airbus A310-304
72,Airbus A310-324
73,Airbus A320-111
74,Airbus A320-211
75,Airbus A320-212
76,Airbus A320-214
77,Airbus A320-231
78,Airbus A320-232
79,Airbus A330-203
80,Airbus A330-321
81,AirbusA310-304
82,Airship
83,Airspeed AS.57 Ambassador 2
84,Airspeed Ambassador A5-57
85,Airspeed Oxford
86,Antonov 12
87,Antonov 12B
88,Antonov 12BK
89,Antonov 12BP
90,Antonov 12MGA
91,Antonov 12V
92,Antonov 24
93,Antonov 24B
94,Antonov 26B
95,Antonov 26B-100
96,Antonov 28
97,Antonov 2PF
98,Antonov 2R
99,Antonov 2TP
100,Antonov 32
101,Antonov 32B
102,Antonov 74T-200
103,Antonov 74TK-200
104,Antonov AN-10
105,Antonov AN-10A
106,Antonov AN-12
107,Antonov AN-12 (freighter)
108,Antonov AN-124
109,Antonov AN-124-100
110,Antonov AN-12B
111,Antonov AN-12BP
112,Antonov AN-12V
113,Antonov AN-140
114,Antonov AN-140-100
115,Antonov AN-2
116,Antonov AN-22
117,Antonov AN-22A
118,Antonov AN-24
119,Antonov AN-24 / Yakovlev Yak-40
120,Antonov AN-24B
121,Antonov AN-24N
122,Antonov AN-24RV
123,Antonov AN-24RV / Soviet Air Force TU-16
124,Antonov AN-24V
125,Antonov AN-26
126,Antonov AN-26A
127,Antonov AN-26B
128,Antonov AN-26V
129,Antonov AN-28
130,Antonov AN-28 PZL-MieleM-28 Sky Truck
131,Antonov AN-2TP
132,Antonov AN-30
133,Antonov AN-32
134,Antonov AN-32 Transport
135,Antonov AN-32A
136,Antonov AN-32B
137,Antonov AN-72
138,Antonov AN-8
139,Antonov AN-9
140,Antonov An-10
141,Antonov An-10A
142,Antonov An-12
143,Antonov An-12 - Ilyshin IL-14
144,Antonov An-124
145,Antonov An-12AP
146,Antonov An-12B
147,Antonov An-12BP
148,Antonov An-12PL
149,Antonov An-12TB
150,Antonov An-2
151,Antonov An-24
152,Antonov An-24B
153,Antonov An-24RV
154,Antonov An-26
155,Antonov An-28
156,Antonov An-2R
157,Antonov An-2T
158,Antonov An-32
159,Antonov An-32B
160,Antonov An-72
161,Arado V1
162,Arava 201
163,Armstrong Whitworth Argosy C-1
164,Armstrong Whitworth Argosy II
165,Armstrong-Whitworth F-K-8
166,Armstrong-Withworth Atlanta
167,Avia 14
168,Avia 14-40
169,Avia 14M-40
170,Avia 14T
171,Aviation Traders ATL-98 Carvair
172,Avro  685 York I
173,Avro 10
174,Avro 683 Lancaster
175,Avro 685 York
176,Avro 685 York 1
177,Avro 685 York C-1
178,Avro 685 York C1
179,Avro 685 York I
180,Avro 688
181,Avro 688 Super Trader
182,Avro 688 Tudor 4B
183,Avro 688 Tudor I
184,Avro 689 Tudor 5
185,Avro 691 Lancastrian
186,Avro 691 Lancastrian 1
187,Avro 691 Lancastrian 3
188,Avro 691 Lancastrian IV
189,Avro Anson
190,Avro Lancaster
191,Avro Lancaster 1
192,Avro Ninteen I
193,Avro Shackleton AEW-2
194,Avro Shackleton M-2 / Avro Shakleton M-2
195,Avro Shackleton MR-1
196,Avro Shackleton MR-2
197,Avro Shackleton MR-3
198,Avro Shackleton MR3
199,Avro York C1
200,Aérospatiale SE-210 Caravelle
201,Aérospatiale/Aeritalia ATR-72-202
202,B-17C Flying Fortress
203,B17G Flying Fortress
204,BAC One Eleven 204AF
205,BAC One-Eleven  424EU
206,BAC One-Eleven 200AB
207,BAC One-Eleven 203AE
208,BAC One-Eleven 402AP
209,BAC One-Eleven 420EL
210,BAC One-Eleven 515FB
211,BAC One-Eleven 516FP
212,BAC One-Eleven 524FF
213,BAC One-Eleven 525FT
214,BAC One-Eleven 527FK
215,BAC One-Eleven 528FL
216,BAC One-Eleven 529FR
217,BAC Super VC-10 1154
218,BAC VC-10-1101
219,BAE Avro RJ100
220,BAe 146-200
221,BAe 3101 Jetstream 31
222,BAe Avro RJ-100
223,BAe HS-748-232 Srs 2A
224,BAe Jetstream 3101-31
225,BAe-748
226,BFW M-18
227,Bae Jetstream 3201
228,Bambardier CRJ200
229,Bandeirante EMB-110P1
230,Beech 200
231,Beech 200 Super King Air
232,Beech 58
233,Beech 65-A80 Queenaire
234,Beech A36
235,Beech A90 King Air
236,Beech AT-11
237,Beech B60
238,Beech BE-1900D
239,Beech BE-55
240,Beech BE-70
241,Beech Baron
242,Beech Baron 95-B55
243,Beech C-18S
244,Beech C-45H
245,Beech C18S
246,Beech D18AS
247,Beech D18S
248,Beech E18S
249,Beech G18S
250,Beech King Air 200 Catpass
251,Beech King Air 65-A90
252,Beech King Air B100
253,Beech King Air B90
254,Beech King Air F90
255,Beech Queen Air 65-A80
256,Beech Queen Air A80
257,Beech Queen Air B80
258,Beech Queen Air Model 80
259,Beech Super King Air 200
260,Beech Super King Air 200/DHC6-Twin Otter
261,BeechJet 400
262,Beechcraft  C-45H
263,Beechcraft 18
264,Beechcraft 18H
265,Beechcraft 1900-C / Beech King Air A90
266,Beechcraft 1900C
267,Beechcraft 1900C-1
268,Beechcraft 1900D
269,Beechcraft 1900D / Cessna 177
270,Beechcraft 35-B33 Debonair
271,Beechcraft 58
272,Beechcraft 58TC
273,Beechcraft 65-80
274,Beechcraft 65-B80
275,Beechcraft 95
276,Beechcraft 95-55
277,Beechcraft 95-55B
278,Beechcraft 95-B55
279,Beechcraft 99
280,Beechcraft 99A
281,Beechcraft A36
282,Beechcraft B-100
283,Beechcraft B-35
284,Beechcraft B-99
285,Beechcraft B90
286,Beechcraft B95A
287,Beechcraft B99
288,Beechcraft BE-99-C99
289,Beechcraft Bonanza 35
290,Beechcraft Bonanza F35
291,Beechcraft C-45H
292,Beechcraft C-90
293,Beechcraft C35
294,Beechcraft C45G
295,Beechcraft C90
296,Beechcraft C99
297,Beechcraft C99 / Rockwell 112TC
298,Beechcraft D 18S
299,Beechcraft D18
300,Beechcraft D18S
301,Beechcraft D35
302,Beechcraft D50A
303,Beechcraft D55
304,Beechcraft E18S
305,Beechcraft G18S
306,Beechcraft G35
307,Beechcraft H18
308,Beechcraft H18S
309,Beechcraft H50
310,Beechcraft J-35
311,Beechcraft King Air A100
312,Beechcraft King Air B200
313,Beechcraft King Air B90
314,Beechcraft King Air C90
315,Beechcraft King Air C90A
316,Beechcraft King Air C90B
317,Beechcraft King Air E-90
318,Beechcraft N35
319,Beechcraft S35
320,Beechcraft SKA 200
321,Beechcraft Super King Air 200
322,Beechcraft Super King Air B200
323,Beechcraft TC-45J
324,Beechcraft U206C
325,Bell 204B helicopter
326,Bell 205 A-1 helicopter
327,Bell 205-1
328,Bell 205A
329,Bell 205A-1 helicopter
330,Bell 206
331,Bell 206 L-1
332,Bell 206-L4 Jet Ranger III
333,Bell 206A
334,Bell 206B
335,Bell 206B JetRanger
336,Bell 206B helicopter
337,Bell 206B3
338,Bell 206L
339,Bell 206L-3
340,Bell 206L-4
341,Bell 212
342,Bell 214 ST
343,Bell 214ST helicopter
344,Bell 222
345,Bell 296B
346,Bell 407
347,Bell 407 / Bell 407
348,Bell 412
349,Bell 412 (helicopter)
350,Bell 47G-2
351,Bell 47G2A1 / Cessna 150H
352,Bell 47G3B1
353,Bell 47J-2
354,Bell 47J-2A
355,Bell 74G
356,Bell BHT-206-B Helicopter
357,Bell Huey UH-1H
358,Bell UH-1B / Sikorsky CH53A helicopters
359,Bell UH-1B Huey Helicopter
360,Bell UH-1D / Bell UH1D (helicopters)
361,Bell UH-1H
362,Bell UH-1H / Bell UH-1H
363,Bell UH-1H / Bell UH-1H (helicopter)
364,Bell UH-1H / Bell UH-1H (helicopters)
365,Bell UH-1H / Bell UH-1H / Bell UH-1H
366,Bell UH-1N
367,Bell UN-1N Huey
368,Bellanca 17-30
369,Bernard 192
370,Black Hawk helicopter
371,Blackburn B-2
372,Blackburn Beverley C Mark 1
373,Bleriot 155
374,Bleriot Spad 27
375,Bleriot Spad 56
376,Bloch 220
377,Blériot Spad 46
378,Blériot Spad 66
379,Boeing  377 Stratocruiser
380,Boeing - 377-10-29 Stratocruiser
381,Boeing - EC-135K
382,Boeing - EC-135N
383,Boeing 221
384,Boeing 247
385,Boeing 247-D
386,Boeing 247B
387,Boeing 247D
388,Boeing 307 Stratoliner
389,Boeing 307 Stratoliner B-1
390,Boeing 307B-1 Stratoliner
391,Boeing 377 Stratocruiser
392,Boeing 377 Stratocruiser 10-26
393,Boeing 377 Stratocruiser 10-30
394,Boeing 377 Stratocruiser 10-34
395,Boeing 377-10-26 Stratocruiser
396,Boeing 40
397,Boeing 707-123
398,Boeing 707-321C
399,Boeing 707-321CF
400,Boeing 707-323C
401,Boeing 707-324C
402,Boeing 707-327C
403,Boeing 707-328C
404,Boeing 707-329C
405,Boeing 707-331C
406,Boeing 707-336C
407,Boeing 707-351C
408,Boeing 707-360C
409,Boeing 707-373
410,Boeing 707-373C
411,Boeing 720-030B
412,Boeing 727-21
413,Boeing 727-23F
414,Boeing 727-243F
415,Boeing 727-24C
416,Boeing 727-286
417,Boeing 737-200
418,Boeing 737-230
419,Boeing 737-286
420,Boeing 737-2A1C
421,Boeing 737-2B7
422,Boeing 737-2D6C
423,Boeing 737-2J8C
424,Boeing 737-2M2
425,Boeing 737-2R4C
426,Boeing 737-31S
427,Boeing 737-4Q8
428,Boeing 737-8F2
429,Boeing 747-244B-SF
430,Boeing 747-246F
431,Boeing 747-249F
432,Boeing 747-2B5F
433,Boeing 767-223ER
434,Boeing 777-236ER
435,Boeing 95
436,Boeing B-17F / Boeing B-17F
437,Boeing B-17G
438,Boeing B-17G / Boeing B-17G
439,Boeing B-247-D
440,Boeing B-29
441,Boeing B-29 / Boeing B-29
442,Boeing B-29 Superfortress
443,Boeing B-29A Superfortress
444,Boeing B-29MR
445,Boeing B-314 (flying boat)
446,Boeing B-34
447,Boeing B-377 Stratofreighter
448,Boeing B-50
449,Boeing B-52 / Boeing B-52
450,Boeing B-707 (E-3B)
451,Boeing B-707-121
452,Boeing B-707-121B
453,Boeing B-707-123B
454,Boeing B-707-124
455,Boeing B-707-131
456,Boeing B-707-131B / L1049C Constellation
457,Boeing B-707-138B
458,Boeing B-707-309C
459,Boeing B-707-31
460,Boeing B-707-320
461,Boeing B-707-320F
462,Boeing B-707-321B
463,Boeing B-707-321C
464,Boeing B-707-323 / Cessna 150
465,Boeing B-707-323B
466,Boeing B-707-323C
467,Boeing B-707-328
468,Boeing B-707-328B
469,Boeing B-707-328C
470,Boeing B-707-331
471,Boeing B-707-331B
472,Boeing B-707-338C
473,Boeing B-707-340C
474,Boeing B-707-344C
475,Boeing B-707-345C
476,Boeing B-707-349C
477,Boeing B-707-366C
478,Boeing B-707-379C
479,Boeing B-707-3B5C
480,Boeing B-707-3D3C
481,Boeing B-707-3J9C
482,Boeing B-707-436
483,Boeing B-707-437
484,Boeing B-707-441
485,Boeing B-707-465
486,Boeing B-720-040B
487,Boeing B-720-047B
488,Boeing B-720-051B
489,Boeing B-720B-023B
490,Boeing B-727
491,Boeing B-727-113C
492,Boeing B-727-121C
493,Boeing B-727-134
494,Boeing B-727-193
495,Boeing B-727-200 / DC9-32
496,Boeing B-727-21
497,Boeing B-727-212A
498,Boeing B-727-214 / Cessna 172
499,Boeing B-727-22
500,Boeing B-727-22 / Cessna 310
501,Boeing B-727-223
502,Boeing B-727-224
503,Boeing B-727-225
504,Boeing B-727-225 Adv
505,Boeing B-727-227
506,Boeing B-727-228
507,Boeing B-727-22QC
508,Boeing B-727-23
509,Boeing B-727-230
510,Boeing B-727-231
511,Boeing B-727-232 Adv
512,Boeing B-727-235
513,Boeing B-727-247
514,Boeing B-727-251
515,Boeing B-727-251 / MD Douglas DC-9-14
516,Boeing B-727-256
517,Boeing B-727-264
518,Boeing B-727-27C
519,Boeing B-727-281 / Air Force F86F
520,Boeing B-727-282
521,Boeing B-727-2A7
522,Boeing B-727-2D3
523,Boeing B-727-2F2
524,Boeing B-727-2H9A
525,Boeing B-727-2L5 / MiG23UB
526,Boeing B-727-30
527,Boeing B-727-46
528,Boeing B-727-64
529,Boeing B-727-81
530,Boeing B-727-86
531,Boeing B-727-92C
532,Boeing B-727-95
533,Boeing B-737-200
534,Boeing B-737-204
535,Boeing B-737-204C
536,Boeing B-737-209
537,Boeing B-737-219
538,Boeing B-737-222
539,Boeing B-737-230
540,Boeing B-737-230A
541,Boeing B-737-236
542,Boeing B-737-241
543,Boeing B-737-244
544,Boeing B-737-247 / Boeing B-757-21B
545,Boeing B-737-266
546,Boeing B-737-270C
547,Boeing B-737-275
548,Boeing B-737-281
549,Boeing B-737-282
550,Boeing B-737-291
551,Boeing B-737-297
552,Boeing B-737-2A1
553,Boeing B-737-2A8
554,Boeing B-737-2A8 Advanced
555,Boeing B-737-2C3
556,Boeing B-737-2F9
557,Boeing B-737-2H4
558,Boeing B-737-2H6
559,Boeing B-737-2H7C
560,Boeing B-737-2K9
561,Boeing B-737-2L9
562,Boeing B-737-2P5
563,Boeing B-737-2P6
564,Boeing B-737-2T4
565,Boeing B-737-2V2
566,Boeing B-737-300
567,Boeing B-737-300 / Swearingen SA-227AC
568,Boeing B-737-31B
569,Boeing B-737-3B7
570,Boeing B-737-3Q8
571,Boeing B-737-3T0
572,Boeing B-737-3T5
573,Boeing B-737-3Y0
574,Boeing B-737-401
575,Boeing B-737-497
576,Boeing B-737-4D7
577,Boeing B-737-4Q8
578,Boeing B-737-4Y0
579,Boeing B-737-505
580,Boeing B-737-566
581,Boeing B-737-5L9
582,Boeing B-737-7H4
583,Boeing B-737-8AL
584,Boeing B-737-8EH /EMB-135JB
585,Boeing B-737-T43
586,Boeing B-747
587,Boeing B-747-121
588,Boeing B-747-121 / Boeing B-747-206B
589,Boeing B-747-121A
590,Boeing B-747-122
591,Boeing B-747-130
592,Boeing B-747-131
593,Boeing B-747-131F
594,Boeing B-747-168B / Ilyushin IL-76TD
595,Boeing B-747-200
596,Boeing B-747-209B
597,Boeing B-747-209BSF
598,Boeing B-747-230B
599,Boeing B-747-237B
600,Boeing B-747-244B
601,Boeing B-747-258F
602,Boeing B-747-283B
603,Boeing B-747-2B5B
604,Boeing B-747-2R7F
605,Boeing B-747-300
606,Boeing B-747-412
607,Boeing B-747-466
608,Boeing B-747-SP-09
609,Boeing B-747-SR46
610,Boeing B-757-200
611,Boeing B-757-222
612,Boeing B-757-223
613,Boeing B-757-225
614,Boeing B-767-200ER
615,Boeing B-767-222
616,Boeing B-767-233ER
617,Boeing B-767-366ER
618,Boeing B-767-3Z9ER
619,Boeing B17G
620,Boeing B307-1 Stratoliner
621,Boeing B377-10-28 Stratocruiser
622,Boeing C-135A
623,Boeing C-135B
624,Boeing C-97
625,Boeing C-97A Stratofreighter
626,Boeing C-97C
627,Boeing CH47A (helicopter)
628,Boeing EC-135N
629,Boeing KC-135
630,Boeing KC-135A
631,Boeing KC-135A / Boeing KC-135A
632,Boeing KC-135C
633,Boeing KC-135E
634,Boeing KC-97G Stratofreighter
635,Boeing RB-52B
636,Boeing RC-135E
637,Boeing RC-135S
638,Boeing RC-135T
639,Boeing TB-29A Super Fortress
640,Boeing Vertol CH-47 (helicopter)
641,Boeing Vertol CH-47 (helilcopter)
642,Boeing Vertol CH-47A (helicopter)
643,Boeing Vertol CH-47C
644,Boeing Vertol CH-47C (helicopter)
645,Boeing Vertol CH47A (helicopter)
646,Boeing Vertol CH47B (helicopter)
647,Boeing Vertol CH47C (helicopter)
648,Boeing Vertol Chinook HC-2 (helicopter)
649,Boeing Vetrol 107 II helicopter
650,Boeing XB-29
651,Boeing-Vertol Chinook
652,Bombardier DHC-8-402 Q400
653,Boulton and Paul P-71
654,Brantly 305
655,Breguet 1150
656,Breguet 14
657,Breguet 280T
658,Bristol 170 Freighter
659,Bristol 170 Freighter 21
660,Bristol 170 Freighter 21E
661,Bristol 170 Freighter 31
662,Bristol 170 Freighter 31E
663,Bristol 170 Freighter 31M
664,Bristol 170 Freighter I
665,Bristol 170 Freighter XI
666,Bristol 175 Britannia 312
667,Bristol 28 Tourer
668,Bristol Britannia 102
669,Bristol Britannia 175
670,Bristol Britannia 312
671,Bristol Britannia 314
672,British Aerospace  BAe Jetstream 32EP
673,British Aerospace 146-300
674,British Aerospace 3101 Jetstream 31
675,British Aerospace 748 2A
676,British Aerospace APT
677,British Aerospace ATP
678,British Aerospace BAE-146-200A
679,British Aerospace BAe-125-700A
680,British Aerospace BAe-125-800A
681,British Aerospace BAe-146-100
682,British Aerospace BAe-146-200A
683,British Aerospace BAe-146-300
684,British Aerospace Jetstream 3201
685,British Aerospace Jetstream 4101
686,British Aerospace Jetstream BA-3100
687,British Aerospace Nimrod MR-2
688,British Aerospace Nimrod MR-2P
689,Britten Norman BN Islander
690,Britten Norman BN-2A Islander
691,Britten Norman BN-2A Trislander
692,Britten Norman BN-2A Trislander II
693,Britten Norman BN-2A Trislander Mk.III-2
694,Britten Norman BN-2A Trislander Mk3
695,Britten Norman BN-2A Trislander7
696,Britten Norman BN-2A-20 Trislander
697,Britten Norman BN-2A-21 Trislander
698,Britten Norman BN-2A-26
699,Britten Norman BN-2A-26 Trislander
700,Britten Norman BN-2B Trislander
701,Britten Norman BN-7A lslander
702,Britten-Norman  BN-2A-20 Trislander
703,Britten-Norman 2B-21 Islander
704,Britten-Norman BN-2 Islander
705,Britten-Norman BN-2A Islander
706,Britten-Norman BN-2A Trislander
707,Britten-Norman BN-2A-2 Islander
708,Britten-Norman BN-2A-20 Islander
709,Britten-Norman BN-2A-21
710,Britten-Norman BN-2A-21 Islander
711,Britten-Norman BN-2A-21 Trislander
712,Britten-Norman BN-2A-26 Islander
713,Britten-Norman BN-2A-26 Trislander
714,Britten-Norman BN-2A-27 Islander
715,Britten-Norman BN-2A-3 Islander
716,Britten-Norman BN-2A-6 Islander
717,Britten-Norman BN-2A-7 Islander
718,Britten-Norman BN-2A-8 Islander
719,Britten-Norman BN-2A-8 Trislander
720,Britten-Norman BN-2A-9 Islander
721,Britten-Norman BN-2B-26 Islander
722,Britten-Norman BN-2B-27 Islander
723,Britten-Norman BN2A-III-2 Trislander
724,Britten-Norman Trislander
725,Brittonnorman BN-2A6
726,Brittonorman BN-2A
727,Burgess RV-6 experimental
728,C-47 Dakota DT-941
729,CAMS 53
730,CAMS 56
731,CASA  CN-235-200
732,CASA 212
733,CASA 212 Aviocar
734,CASA 212 Aviocar 100
735,CASA 212 Aviocar 200
736,CASA 212 Aviocar 300
737,CASA 212-100
738,CASA 212-200 Aviocar
739,CASA 212-A3 Aviocar 100
740,CASA 212-CC
741,CASA 212-DE Aviocar 200
742,CASA 212-MP Aviocar 200
743,CASA 212-S1 Aviocar 100
744,CASA 235-10
745,CASA C-295M
746,CASA CN-235M-10
747,CASA NC-212
748,CASA NC-212-200
749,CF-100 Mark V
750,CH-47 Chinook
751,CH-47D Chinook
752,CH-53D
753,CH53E Sea Stallion
754,CMASA Wal
755,Cams 33
756,Cams 53
757,Canadair C-4
758,Canadair C-4 Argonaut
759,Canadair C-4-1Argonaut / Harvard Mark II
760,Canadair CL-44
761,Canadair CL-44D4-1
762,Canadair CL-44D4-2
763,Canadair CL-44D4-6
764,Canadair CL-44J
765,Canadair CL-600-2B16 Challenger 604
766,Canadair CL-601-2A12 Challenger
767,Canadair CL-604
768,Canadair CP-107 MK-2
769,Canadair CRJ-100ER
770,Canadair CRJ-200ER
771,Canadair CRJ200LR RegionalJet
772,Canadair DC-4M-2 Northstar
773,Caravelle VIR
774,Casa 212 Aviocar
775,Casa 212-AB10 Aviocar
776,Casa 212-M Aviocar 100
777,Caudron C-61
778,Caudron C-630 Simoun
779,Caudron C.635 Simoun
780,Cesna 208 Caravan
781,Cessna  208B Grand Caravan
782,Cessna  501 Citation
783,Cessna 120
784,Cessna 172
785,Cessna 172D
786,Cessna 172F
787,Cessna 172G
788,Cessna 172H
789,Cessna 172L
790,Cessna 172M
791,Cessna 172N
792,Cessna 172RG
793,Cessna 177B
794,Cessna 177B Cardinal
795,Cessna 177RG
796,Cessna 180
797,Cessna 180E
798,Cessna 180H
799,Cessna 180K
800,Cessna 182
801,Cessna 182B
802,Cessna 182H
803,Cessna 182N
804,Cessna 182R
805,Cessna 185
806,Cessna 205
807,Cessna 205A
808,Cessna 206
809,Cessna 206 Seneca
810,Cessna 206G
811,Cessna 207
812,Cessna 207 / Cessna 207
813,Cessna 207 Skywagon
814,Cessna 207A
815,Cessna 208
816,Cessna 208 Caravan
817,Cessna 208 Caravan I
818,Cessna 208 Grand Caravan
819,Cessna 208 Grand Caravan I
820,Cessna 208A Caravan I Cargomaster
821,Cessna 208B
822,Cessna 208B Caravan
823,Cessna 208B Caravan I
824,Cessna 208B Caravan I Super Cargomaster
825,Cessna 208B Cargomaster I
826,Cessna 208B Grand Caravan
827,Cessna 208B Grand Caravan I
828,Cessna 208B Super Cargomaster
829,Cessna 210
830,Cessna 210-5A
831,Cessna 210L
832,Cessna 310
833,Cessna 310 N
834,Cessna 310B
835,Cessna 310C
836,Cessna 310H
837,Cessna 310I
838,Cessna 310J
839,Cessna 310L
840,Cessna 310N
841,Cessna 310Q
842,Cessna 310R
843,Cessna 320
844,Cessna 320B
845,Cessna 320E
846,Cessna 335
847,Cessna 337C
848,Cessna 337D
849,Cessna 337F
850,Cessna 337G
851,Cessna 401
852,Cessna 401A
853,Cessna 402
854,Cessna 402 / Piper PA-28
855,Cessna 402A
856,Cessna 402B
857,Cessna 402C
858,Cessna 402C Utililiner
859,Cessna 404 Titan
860,Cessna 404 Titan Ambassador
861,Cessna 404 Titan Courier II
862,Cessna 404 Titan II
863,Cessna 411
864,Cessna 414A
865,Cessna 421
866,Cessna 421 Golden Eagle
867,Cessna 421A
868,Cessna 421B Golden Eagle
869,Cessna 421C Golden Eagle
870,Cessna 421C Golden Eagle III
871,Cessna 425 Conquest
872,Cessna 441 Conquest
873,Cessna 441 Conquest II
874,Cessna 500 Citation
875,Cessna 500 Citation I
876,Cessna 501 Citation
877,Cessna 501 Citation I
878,Cessna 501 Citation I SP
879,Cessna 501 Citation I/SP
880,Cessna 525 Citation
881,Cessna 525 CitationJet I
882,Cessna 550 Citation
883,Cessna 550 Citation II
884,Cessna 551 Citation II
885,Cessna 560 Citation V
886,Cessna 650 Citation III
887,Cessna 650 Citation VI
888,Cessna A185F
889,Cessna C-207A
890,Cessna CE185
891,Cessna Citation 500
892,Cessna Citation 525
893,Cessna Citation I
894,Cessna P210N
895,Cessna R182
896,Cessna T207A
897,Cessna T210
898,Cessna T210L
899,Cessna T210M
900,Cessna T210N
901,Cessna T310R
902,Cessna T337B
903,Cessna TU206B
904,Cessna TU206C
905,Cessna TU206D
906,Cessna TU206G
907,Cessna U-27A Caravan I
908,Cessna U206
909,Cessna U206A
910,Cessna U206C
911,Cessna U206F
912,Cessna U206G
913,Cessna UC-35D Citation Encore
914,Cessnea 172
915,Chance Vought F-8E
916,Channel Air Bridge
917,Consolidated  32 Liberator II
918,Consolidated 32-2 Liberator I
919,Consolidated 32-2 Liberator II
920,Consolidated 32-3 Liberator II
921,Consolidated B-24
922,Consolidated B-24 / Consolidated B-24
923,Consolidated B-24 Liberator
924,Consolidated B-24H
925,Consolidated B-24J
926,Consolidated B24H
927,Consolidated C-87
928,Consolidated Canso (amphibian)
929,Consolidated Catalina
930,Consolidated Catalina PB2Y-3R
931,Consolidated Fleetster
932,Consolidated LB-30-A Liberator
933,Consolidated LB-30A Liberator
934,Consolidated LB-40-A Liberator
935,Consolidated Liberator
936,Consolidated Liberator B24 C
937,Consolidated OA-10 Catalina
938,Consolidated PB4Y-1
939,Consolidated PBY-2 / Consolidated PBY-2
940,Consolidated PBY-5 Catalina
941,Consolidated PBY-5A  Catalina
942,Consolidated PBY-5A Catalina
943,Convair 580-11A
944,Convair 600
945,Convair B-36D
946,Convair C-131D (CV-340-79)
947,Convair CV- 640
948,Convair CV-240
949,Convair CV-240-0
950,Convair CV-240-12
951,Convair CV-240-2
952,Convair CV-240-4
953,Convair CV-240-53
954,Convair CV-240-7
955,Convair CV-300
956,Convair CV-340
957,Convair CV-340-32
958,Convair CV-340-58
959,Convair CV-340-59
960,Convair CV-340-62
961,Convair CV-340-68B
962,Convair CV-340/440
963,Convair CV-380
964,Convair CV-440
965,Convair CV-440 -62
966,Convair CV-440-0
967,Convair CV-440-11
968,Convair CV-440-12
969,Convair CV-440-59
970,Convair CV-440-62
971,Convair CV-440-80
972,Convair CV-580
973,Convair CV-580 / Cessna 150
974,Convair CV-580/De Hav. Twin Otter 100
975,Convair CV-580F
976,Convair CV-640
977,Convair CV-880
978,Convair CV-880 / McDonnell DC-9-31
979,Convair CV-880-22-1
980,Convair CV-880-22M-21
981,Convair CV-880-22M-3
982,Convair CV-990-30A-5
983,Convair CV-990-30A-5 Coronado
984,Convair CV-990-30A-6
985,Convair RB-36H
986,ConvairCV-440
987,Curtis C-46A
988,Curtis C-46A-20-CU
989,Curtiss AT-32C Condor
990,Curtiss C 46F-CU
991,Curtiss C-46
992,'Curtiss C-46, C-47, DC-3'
993,Curtiss C-46-CU
994,Curtiss C-46-F-1-CU
995,Curtiss C-46A
996,Curtiss C-46A-40-CU
997,Curtiss C-46A-45-CU
998,Curtiss C-46A-50-CU
999,Curtiss C-46A-55
1000,Curtiss C-46A-55-CK
1001,Curtiss C-46A-60-CK
1002,Curtiss C-46A-60-CS
1003,Curtiss C-46A-CU
1004,Curtiss C-46C
1005,Curtiss C-46D
1006,Curtiss C-46D-10-CU
1007,Curtiss C-46D-15-CU
1008,Curtiss C-46D-20-CU
1009,Curtiss C-46D-5-CU
1010,Curtiss C-46D-CU
1011,Curtiss C-46E
1012,Curtiss C-46E-1-CS
1013,Curtiss C-46F
1014,Curtiss C-46F-1-CU
1015,Curtiss C-46F-1CU
1016,Curtiss C-46T
1017,Curtiss Carrier Pigeon
1018,Curtiss Condor 18
1019,Curtiss Condor T-32
1020,Curtiss JN-4H
1021,Curtiss R-4LM
1022,Curtiss Wright C-46F
1023,Curtiss seaplane
1024,Curtiss-Wright C-14 Osprey
1025,Curtiss-Wright C-46
1026,Curtiss-Wright C-46A-CK
1027,Curtiss-Wright C-46D-CU
1028,Curtiss-Wright C-46F-CU
1029,Curtiss-Wright C46D-CU
1030,Curtiss-Wright Hawk
1031,Curtiss-Wright R5C-1
1032,DC-2-243
1033,DC-3-65TP
1034,DHC-5 Buffalo
1035,DHC-6 Twin Otter 300 / NAMC YS-11
1036,Dassault Breguet Atlantique
1037,Dassault Falcon 20
1038,Dassault Falcon 20C
1039,Dassault Falcon 20E
1040,Dassault Falcon 50
1041,Dassault Falcon 900B
1042,Dassault-Breguet Atlantique
1043,De Havilland D-84
1044,De Havilland DH-104 Dove
1045,De Havilland DH-4
1046,De Havilland DH-60
1047,De Havilland DH-61
1048,De Havilland DH-80
1049,De Havilland DH-84
1050,De Havilland DH-85
1051,De Havilland DH-86
1052,De Havilland DH.4
1053,De Havilland DH.80
1054,De Havilland Dash-3
1055,De Havilland Dash-6
1056,De Havilland Dove
1057,Desoutter II
1058,Dewoitine D-332
1059,Dewoitine D-338
1060,Dewoitine D-342
1061,Dirigible
1062,Dirigible Roma (airship)
1063,Dirigible ZR-1 Shenandoah (airship)
1064,Domier Delphin III
1065,Dormier Do-J-Iif Bos Wal
1066,Dornier 228
1067,Dornier 228-201
1068,Dornier 228-212
1069,Dornier 328-110
1070,Dornier DO-228-212
1071,Dornier DO.18
1072,Dornier Do-228-101
1073,Dornier Do-228-212
1074,Dornier Do-288-201
1075,Dornier Merkur
1076,Dornier Wal
1077,Douglas C- C47A-30DK
1078,Douglas C-118A
1079,Douglas C-118A / Lockheed P2V-5F
1080,Douglas C-124A Globemaster
1081,Douglas C-124A Globemaster II
1082,Douglas C-124A-DL
1083,Douglas C-124C
1084,Douglas C-124C / Fairchild C-119C
1085,Douglas C-124C Globemaster
1086,Douglas C-133A
1087,Douglas C-39-DO  (DC-2)
1088,Douglas C-46A-CU ( DC-3)
1089,Douglas C-47
1090,Douglas C-47 (DC-3)
1091,Douglas C-47 / Douglas DC-3
1092,Douglas C-47 Dakota
1093,Douglas C-47 Dakota-DK
1094,Douglas C-47 Skytrain
1095,Douglas C-47-DK
1096,Douglas C-47-DL
1097,Douglas C-47A
1098,Douglas C-47A Dakota
1099,Douglas C-47A-1
1100,Douglas C-47A-1-DK
1101,Douglas C-47A-10-DK
1102,Douglas C-47A-15-DK
1103,Douglas C-47A-20-DL
1104,Douglas C-47A-25
1105,Douglas C-47A-25-DK
1106,Douglas C-47A-30
1107,Douglas C-47A-30-DK
1108,Douglas C-47A-30-DK (DC-3C)
1109,Douglas C-47A-30-DK Dakota III
1110,Douglas C-47A-35-DL
1111,Douglas C-47A-5-DK
1112,Douglas C-47A-50-DL
1113,Douglas C-47A-60-DL
1114,Douglas C-47A-80-DL
1115,Douglas C-47A-90 DL (DC-3)
1116,Douglas C-47A-90-DL
1117,Douglas C-47A-DK
1118,Douglas C-47A-DL
1119,Douglas C-47B
1120,Douglas C-47B-15-DK
1121,Douglas C-47B-25-DK
1122,Douglas C-47B-40-DK
1123,Douglas C-47B-5-DK
1124,Douglas C-47B-DK
1125,Douglas C-47B-dK
1126,Douglas C-47D
1127,Douglas C-47DL
1128,Douglas C-47J
1129,Douglas C-49E
1130,Douglas C-53
1131,Douglas C-53-DO (DC-3A)
1132,Douglas C-53D-DO
1133,Douglas C-53D-DO (DC-3)
1134,Douglas C-54
1135,Douglas C-54 Skymaster
1136,Douglas C-54-DO (DC-4)
1137,Douglas C-54A
1138,Douglas C-54A-1-DO
1139,Douglas C-54A-1-DO Skymaster
1140,Douglas C-54A-10-DC
1141,Douglas C-54A-DC
1142,Douglas C-54A-DC (DC-4)
1143,Douglas C-54A-DO
1144,Douglas C-54A-DO (DC-4)
1145,Douglas C-54B
1146,Douglas C-54B / P-38
1147,Douglas C-54B-1-DC
1148,Douglas C-54B-10-DO
1149,Douglas C-54B-15-DO
1150,Douglas C-54B-5-DO
1151,Douglas C-54D
1152,Douglas C-54D-1-DC
1153,Douglas C-54D-DC (DC-4)
1154,Douglas C-54E
1155,Douglas C-54E-5-DO
1156,Douglas C-54E-DO (DC-4)
1157,Douglas C-54G
1158,Douglas C-54G (DC-4)
1159,Douglas C-54P
1160,Douglas C-74
1161,Douglas C124-DL Globemaster II
1162,Douglas C188-B
1163,Douglas C54A
1164,Douglas C54E-DO (DC-4)
1165,Douglas DC 3-A-SB-3-G-14
1166,Douglas DC-118
1167,Douglas DC-2
1168,Douglas DC-2-112
1169,Douglas DC-2-115A
1170,Douglas DC-2-115B
1171,Douglas DC-2-115E
1172,Douglas DC-2-115H
1173,Douglas DC-2-115L
1174,Douglas DC-2-120
1175,Douglas DC-2-172
1176,Douglas DC-2-221
1177,Douglas DC-2-243
1178,Douglas DC-3
1179,Douglas DC-3 ( C-47-DO)
1180,Douglas DC-3 ( C-53D-DO)
1181,Douglas DC-3 (C-47)
1182,Douglas DC-3 (C-47-A5-DL)
1183,Douglas DC-3 (C-47-B-1-DK)
1184,Douglas DC-3 (C-47-DL)
1185,Douglas DC-3 (C-47A-30-DK)
1186,Douglas DC-3 (C-47A-70-DL)
1187,Douglas DC-3 (C-47A-90-DL)
1188,Douglas DC-3 (C-47A-DK)
1189,Douglas DC-3 (C-47A-DL)
1190,Douglas DC-3 (C-47B-DK)
1191,Douglas DC-3 (C-47DL)
1192,Douglas DC-3 (C-47DL) /Vultee BT-13
1193,Douglas DC-3 (C-50A-DO)
1194,Douglas DC-3 (C-53-DO)
1195,Douglas DC-3 (C-53D-DO)
1196,Douglas DC-3 (C-54A-DO)
1197,Douglas DC-3 (C47-DL)
1198,Douglas DC-3 (Douglas C-47A-10-DK)
1199,Douglas DC-3 -201D/ F-6-F- 5 Hellcat
1200,Douglas DC-3 / Avro Anson
1201,Douglas DC-3 / Boeing B-34
1202,Douglas DC-3 / Cessna 170B
1203,Douglas DC-3 / Douglas DC-3
1204,Douglas DC-3 / Piper PA-18A
1205,Douglas DC-3 / USN R-6D-1
1206,Douglas DC-3 Dakota
1207,Douglas DC-3(C-47A-DL)
1208,Douglas DC-3-178
1209,Douglas DC-3-194H
1210,Douglas DC-3-201C /  Army A-26
1211,Douglas DC-3-201E
1212,Douglas DC-3-201F
1213,Douglas DC-3-227B
1214,Douglas DC-3-3
1215,Douglas DC-3-313
1216,Douglas DC-3-313A
1217,Douglas DC-3-3A
1218,Douglas DC-3-455
1219,Douglas DC-3-A-269
1220,Douglas DC-3-DST
1221,Douglas DC-3A
1222,Douglas DC-3A-178
1223,Douglas DC-3A-197D
1224,Douglas DC-3A-228D
1225,Douglas DC-3C
1226,Douglas DC-3C (C-47A-DK)
1227,Douglas DC-3C (C47A-DL)
1228,Douglas DC-3D
1229,Douglas DC-3F
1230,Douglas DC-4
1231,Douglas DC-4  (C-54-10-DO)
1232,Douglas DC-4 (C-54)
1233,Douglas DC-4 (C-54-DO)
1234,Douglas DC-4 (C-54A-DO)
1235,Douglas DC-4 (C-54G-1-DO)
1236,Douglas DC-4 / USAF F-4E
1237,Douglas DC-4 /Beechcraft SMB-1
1238,Douglas DC-4-1009
1239,Douglas DC-47
1240,Douglas DC-4A
1241,Douglas DC-6
1242,Douglas DC-6 / RAF York MW248
1243,Douglas DC-6-54B
1244,Douglas DC-6A
1245,Douglas DC-6AB
1246,Douglas DC-6B
1247,Douglas DC-6BF
1248,Douglas DC-7
1249,Douglas DC-7 / F-100F
1250,Douglas DC-7 / Lockheed S Constellation
1251,Douglas DC-7-C
1252,Douglas DC-7B
1253,Douglas DC-7B / U.S. Air Force F-89J
1254,Douglas DC-7BF
1255,Douglas DC-7C
1256,Douglas DC-7CF
1257,Douglas DC-8
1258,Douglas DC-8-43F
1259,Douglas DC-8-51
1260,Douglas DC-8-52
1261,Douglas DC-8-54F
1262,Douglas DC-8-55F
1263,Douglas DC-9-15F
1264,Douglas DC-9-31 /Cessna 206
1265,Douglas DC-C-54A
1266,Douglas DC3-G102
1267,Douglas DC6B
1268,Douglas DC9-15F
1269,Douglas DF-151
1270,Douglas DST-A-207A
1271,Douglas EC-54U
1272,Douglas M-3
1273,Douglas M-4
1274,Douglas MC-54M
1275,Douglas R4D-6
1276,Douglas R5D-3
1277,Douglas R5D2
1278,Douglas R6D-1 (C-118B)
1279,EC-121H (Super Constellation)
1280,EMB 721C Sertanejo
1281,EMB 810C Seneca
1282,EMB 820C Navajo
1283,Embraer 110 Bandeirante
1284,Embraer 110 P1 Bandeirante
1285,Embraer 110C Bandeirante
1286,Embraer 110EJ Band./Embraer 110P Band.
1287,Embraer 110P Bandeirante
1288,Embraer 110P1 Bandeirante
1289,Embraer 110P1A Bandeirante
1290,Embraer 110P2 Bandeirante
1291,Embraer 120 Brasilia
1292,Embraer 120-RT Brasilia
1293,Embraer 120ER Brasilia
1294,Embraer 120RT Brasilia
1295,Embraer 120RT- Brasilia
1296,Embraer 721C Sertanejo
1297,Embraer 820C Navajo
1298,Embraer C-95 Bandeirante
1299,Embraer C-95C Bandeirante
1300,Embraer EMB-110 Bandeirante
1301,Embraer EMB-110P1 Bandeirant
1302,Embraer EMB-120 Brasilia
1303,Embraer-110 C-95B Bandeirante
1304,Enstrom F-28F
1305,Eurocopter  AS332L2 Super Puma
1306,Eurocopter AS 332L2 Super Puma 2
1307,Eurocopter AS-350-BA
1308,Eurocopter AS-350BA
1309,Eurocopter AS350D Astar
1310,Eurocopter Deutschland BK117C1
1311,Evangel 4500
1312,F-4C Phantom jet fighter
1313,F-86 Sabrejet
1314,F-88 Sabre Jet
1315,FIAT G-212CP
1316,Fairchild
1317,Fairchild 51
1318,Fairchild 71
1319,Fairchild C-110F
1320,Fairchild C-119
1321,Fairchild C-119C
1322,Fairchild C-119C-23-FA Flying Boxcar
1323,Fairchild C-119G
1324,Fairchild C-119G / Fairchild C-119
1325,Fairchild C-123
1326,Fairchild C-123 Provider
1327,Fairchild C-123B
1328,Fairchild C-123C
1329,Fairchild C-123K
1330,Fairchild C-199G
1331,Fairchild C-82
1332,Fairchild C-82 Packet
1333,Fairchild C-82A
1334,Fairchild C119G / Fairchild C119G
1335,Fairchild C123K
1336,Fairchild F-27
1337,Fairchild F-27 / Cessna 310
1338,Fairchild F-27A
1339,Fairchild F-27B
1340,Fairchild F-27J
1341,Fairchild F-27M
1342,Fairchild FC-2
1343,Fairchild FC-2W
1344,Fairchild FH-227B
1345,Fairchild FH-227E
1346,Fairchild FH-227H
1347,Fairchild Hiller FH-227B
1348,Fairchild Hiller FH1100
1349,Fairchild Pilgrim 100A
1350,Fairchild R4Q / Dougas AD-6 skyraider
1351,Fairchild R4Q-2
1352,Fairchild SA227-TT
1353,Fairchild-Hiller FH-227-B
1354,Fairchild-Hiller FH-227B
1355,Fairchild-Hiller FH-227B-LCD
1356,Fairchild-Hiller FH-227D/LCD
1357,Fairchild-Hiller FH227C
1358,Fairey Firefly MK1
1359,Farman 190
1360,Farman F-121 Jabiru
1361,Farman F-190
1362,Farman F-224
1363,Farman F-300
1364,Farman F-301
1365,Farman F-306
1366,Farman F-60 Goliath
1367,Farman F-63
1368,Faucett F-19
1369,Fiat G.212CP
1370,Five Grumman TBM Avengers
1371,Focke-Wulf A-17
1372,Focke-Wulf FW 200
1373,Fokker (KLM)  F.III
1374,Fokker (KLM) F.III
1375,Fokker 100
1376,Fokker 27 Friendship 200
1377,Fokker 28 Fellowship 1000
1378,Fokker 50
1379,Fokker F-10
1380,Fokker F-10A
1381,Fokker F-12
1382,Fokker F-27 Friendship 100
1383,Fokker F-27 Friendship 200
1384,Fokker F-27 Friendship 300
1385,Fokker F-27 Friendship 400
1386,Fokker F-27 Friendship 400M
1387,Fokker F-27 Friendship 500
1388,Fokker F-27 Friendship 500F
1389,Fokker F-27 Friendship 600
1390,Fokker F-27 Friendship 600RF
1391,Fokker F-28 Fellowship 1000
1392,Fokker F-28 Fellowship 1000 / MiG-21
1393,Fokker F-28 Fellowship 2000
1394,Fokker F-28 Fellowship 3000
1395,Fokker F-28 Fellowship 3000RC
1396,Fokker F-28 Fellowship 4000
1397,Fokker F-4
1398,Fokker F-50
1399,Fokker F-III
1400,Fokker F-VII
1401,Fokker F-VIIA
1402,Fokker F-VIIB
1403,Fokker F-VIII
1404,Fokker F-VIIb-3M
1405,Fokker F-X
1406,Fokker F-XII
1407,Fokker F-XXII
1408,Fokker F.III
1409,Fokker F10A Trimotor
1410,Fokker F27 Friendship 100
1411,Fokker FG II
1412,Fokker FG III
1413,Fokker Super Universal
1414,Fokker Universal
1415,Fokker Universal F-14
1416,Ford 4
1417,Ford 4-AT-B Tri Motor
1418,Ford 4-AT-E Tri-motor
1419,Ford 5
1420,Ford 5-AT Tri-Motor
1421,Ford 5-AT-B Tri Motor
1422,Ford 5-AT-B Tri-Motor
1423,Ford 5-AT-B Tri-Motor / B-PW-9D
1424,Ford 5-AT-C Tri Motor
1425,Ford 5-AT-C Tri-Motor
1426,Ford 5-AT-D
1427,Ford 5-AT-D Tri-Motor
1428,Ford Tri-Motor
1429,Ford Tri-Motor / Ford Tri-Motor
1430,Ford Tri-Motor 5
1431,Ford Tri-motor
1432,Ford Tri-motor 5
1433,Ford model 4-AT-E
1434,GAF Nomad 22B
1435,GAF Nomad N-22
1436,GAF Nomad N-22B
1437,GAF Nomad N-22C
1438,GAF Nomad N-24A
1439,GAF Nomad N24A
1440,GD F-16D / Lockheed C-130E
1441,Gates Lear 25
1442,Gates Learjet 23
1443,Gates Learjet 24B
1444,Gates Learjet 25
1445,Gates Learjet 25B
1446,Gates Learjet 25D
1447,Gates Learjet 35
1448,Gates Learjet 35A
1449,Gates Learjet 45
1450,General 102-E
1451,General Aviation GA-43
1452,Goodyear ZPG-3W (airship)
1453,Goodyear-Zeppelin U.S.S. Akron (airship)
1454,Grumman C-2A
1455,Grumman G-159 Gulfstream I
1456,Grumman G-21
1457,Grumman G-21 Goose
1458,Grumman G-21A
1459,Grumman G-21A Goose
1460,Grumman G-21A seaplane
1461,Grumman G-44A
1462,Grumman G-73T Turbo Mallard
1463,Grumman G73T Turbo Mallard
1464,Grumman Gulfstream G3
1465,Grumman Gulfstream II
1466,Grummand EA-6B
1467,Grummand Gulfstream III
1468,Gulfstream AC-680F
1469,H-21B
1470,HAL-748-224
1471,HAL-748-224 Srs.2
1472,HBB HFB-320 Hansa Jet
1473,HS-125-700B
1474,Hadley Page 137Jetstream I / Cessna 206
1475,Hamilton H-47
1476,Handley Page Dart Herald 201
1477,Handley Page Dart Herald 202
1478,Handley Page Dart Herald 207
1479,Handley Page Dart Herald 400
1480,Handley Page HP-1 Hermes
1481,Handley Page HP-16
1482,Handley Page HP-42
1483,Handley Page HP-57 Halifax
1484,Handley Page HP-81 Hermes 4A
1485,Handley Page HP-81 Hermes IV
1486,Handley Page HPR-7 Herald 101
1487,Handley Page HPR-7 Herald 211
1488,Handley Page HPR-7 Herald 214
1489,Handley Page Halifax C-8
1490,Handley Page Hastings C Mark 1
1491,Handley Page Hastings C-2
1492,Handley Page Jetstream 1
1493,Handley Page O/10
1494,Handley Page W-10
1495,Handley Page W-8
1496,Harbin Yunshuji Y-12 II
1497,Harbin Yunshuji Y-12-II
1498,Hawker 800A
1499,Hawker Siddeley  Avro 748-215
1500,Hawker Siddeley HS 125-400B (3)
1501,Hawker Siddeley HS 748-260
1502,Hawker Siddeley HS-121 Trident 2E
1503,Hawker Siddeley HS-125
1504,Hawker Siddeley HS-125-403B
1505,Hawker Siddeley HS-748
1506,Hawker Siddeley HS-748 1
1507,Hawker Siddeley HS-748 2
1508,Hawker Siddeley HS-748 2A
1509,Hawker Siddeley HS-748-1
1510,Hawker Siddeley HS-748-2
1511,Hawker Siddeley HS-748-209
1512,Hawker Siddeley HS-748-209 Srs. 2
1513,Hawker Siddeley HS-748-215-2
1514,Hawker Siddeley HS-748-230 Srs. 2A
1515,Hawker Siddeley HS-748-234
1516,Hawker Siddeley HS-748-234 Srs. 2A
1517,Hawker Siddeley HS-748-235 Srs. 2A
1518,Hawker Siddeley HS-748-246
1519,Hawker Siddeley HS-748-2A
1520,Hawker Siddeley HS-748-329 Srs. 2A
1521,Hawker Siddeley HS-748-353 Srs.2a
1522,Hawker Siddeley HS-748-357/2B SCD
1523,Hawker Siddeley HS-748-372
1524,Hawker Siddeley HS-748-435 Srs. 2
1525,Hawker Siddeley HS-748-501 Super 2B
1526,Hawker Siddeley HS-748-FAA
1527,Hawker Siddeley Trident 1C
1528,Hawker Siddeley Trident 2E
1529,Hawker Siddeley Trident 2E /  II-28
1530,Hawker-Siddeley DH-125-1A/522
1531,Heinkel 116
1532,Heinkel HE-2
1533,Heinkel He-111
1534,Heinkel He-111V2
1535,Heinkel He-70
1536,'Helicopter, Hughes 369HS'
1537,Helo 295
1538,Hiller FH1100
1539,Hindustan Aeronautics 748 2-224
1540,Hindustan Aeronautics 748-2
1541,Hindustan Aeronautics 748-2M
1542,Howard 250
1543,Hughes 269B
1544,Hughes 369D
1545,Hughes 369HS
1546,IAI 1124 Westwind
1547,IAI 1124A Westwind
1548,IAI Arava 201
1549,IPTN 332C Super Puma
1550,Illyushin 76
1551,Ilushin Il-76TD
1552,Iluyshin Il-86
1553,Ilysushin Il-76TD
1554,Ilyushin 114T
1555,Ilyushin 14
1556,Ilyushin 18V
1557,Ilyushin 76MD
1558,Ilyushin 76TD
1559,Ilyushin II-14P
1560,Ilyushin II-76
1561,Ilyushin II-76TD
1562,Ilyushin IL- 76TD
1563,Ilyushin IL-12
1564,Ilyushin IL-12B
1565,Ilyushin IL-14
1566,Ilyushin IL-14P
1567,Ilyushin IL-18
1568,Ilyushin IL-18B
1569,Ilyushin IL-18D
1570,Ilyushin IL-18E
1571,Ilyushin IL-18L
1572,Ilyushin IL-18V
1573,Ilyushin IL-38 / Ilyushin IL-38
1574,Ilyushin IL-62
1575,Ilyushin IL-62M
1576,Ilyushin IL-62MK
1577,Ilyushin IL-76
1578,Ilyushin IL-76 / Mi-8 (helicopter)
1579,Ilyushin IL-76M
1580,Ilyushin IL-76MD
1581,Ilyushin IL-76T
1582,Ilyushin IL-76TD
1583,Ilyushin Il-14
1584,Ilyushin Il-76MD
1585,Ilyushin Il-76T
1586,Ilyushin P-14
1587,Israel Aircraft Industries 1124A
1588,Junkers 52/3m
1589,Junkers F-13
1590,Junkers G-23
1591,Junkers G-24
1592,Junkers G-31
1593,Junkers G24
1594,Junkers JL-6
1595,Junkers JU-160
1596,Junkers JU-5/-3m
1597,Junkers JU-52
1598,Junkers JU-52/3m
1599,Junkers JU-52/3mge
1600,Junkers JU-53/3m
1601,Junkers JU-86
1602,Junkers JU-90
1603,Junkers JU.52
1604,Junkers JU52/3m
1605,Junkers JU86 Z-2
1606,Junkers JU90V2
1607,Junkers Ju-52
1608,Junkers Ju-52/3m
1609,Junkers W-33
1610,Junkers W-34
1611,KB-50
1612,KJ-2000
1613,Kaiser-Fraser C-119G
1614,Kalinin K-4
1615,Kalinin K-7
1616,Kawasaki C-1 / Kawasaki C-1
1617,Kawasaki C-1A
1618,Koolhoven FK.43
1619,L-100-20
1620,LET  410M Turbojet
1621,LET 410 M
1622,LET 410M turbojet
1623,LET 410MT Turbojet
1624,LET 410UVP
1625,LET 410UVP-E
1626,LTVF-8J
1627,Lasco Lascowl
1628,Latecoere 25
1629,Latecoere 25-3-R
1630,Latecoere 26
1631,Latecoere 28
1632,Latecoere 28-1
1633,Latecoere 32
1634,Latecoere 631
1635,Latecoere 631 (flying boat)
1636,Latecoere 631 (sea plane)
1637,Latécoère 23
1638,Latécoère 28
1639,Latécoère 28-1
1640,Latécoère 300
1641,LeT 410UVP Turbojet / Tupolev TU-134V
1642,Lear Jet 24A
1643,Learjet 23
1644,Learjet 23A
1645,Learjet 24
1646,Learjet 24A
1647,Learjet 24D
1648,Learjet 24F
1649,Learjet 24XR
1650,Learjet 25
1651,Learjet 25B
1652,Learjet 25C
1653,Learjet 25D
1654,Learjet 31
1655,Learjet 35
1656,Learjet 35A
1657,Learjet 36A
1658,Learjet 45
1659,Learjet 55
1660,Learjet 60
1661,Learjet C-21A
1662,Learjet35A
1663,Let 410
1664,Let 410 UVP-E10A
1665,Let 410 UVP-E3
1666,Let 410A
1667,Let 410M
1668,Let 410MU
1669,Let 410UVP
1670,Let 410UVP Turolet
1671,Let 410UVP-E
1672,Let 410UVP-E20
1673,Let 410UVP-E4
1674,Let 420UVP-E
1675,Let L-410UVP
1676,Let L410UVP-E20
1677,Let-410UVP-E
1678,Liore et Olivier 190
1679,Liore et Olivier H-246 Air Boat
1680,Liore-et-Olivier 213
1681,Lioré-et-Olivier H-13
1682,Lioré-et-Olivier H-242
1683,Lisunov Li-2
1684,Lockheed  188A Electra
1685,Lockheed 049 Consellation
1686,Lockheed 049 Constellation
1687,Lockheed 049-46-21 Constellation
1688,Lockheed 049-46-25 Constellation
1689,Lockheed 10 Electra
1690,Lockheed 1011-200 TriStar
1691,Lockheed 1049C Super Constellation
1692,Lockheed 1049C-55-81 S Constellation
1693,Lockheed 1049E Super Constellation
1694,Lockheed 1049E-55 Super Constellation
1695,Lockheed 1049G Super Constellation
1696,Lockheed 1049G-55 Super Constellation
1697,Lockheed 1049H Super Constellation
1698,Lockheed 1049H-82 Super Constellation
1699,Lockheed 10A Electra
1700,Lockheed 10B Electra
1701,Lockheed 10C Electra
1702,Lockheed 10E Electra
1703,Lockheed 12A
1704,Lockheed 1329 Jetstar 8
1705,Lockheed 1339
1706,Lockheed 14 Electra
1707,Lockheed 14 Super Electra
1708,Lockheed 14-H Super Electra
1709,Lockheed 14-H2 Super Electra
1710,Lockheed 14-WF62 Super Electra
1711,Lockheed 14H Super Electra
1712,Lockheed 1649A Starliner
1713,Lockheed 18 Loadstar
1714,Lockheed 18 LodeStar
1715,Lockheed 18 Lodestar
1716,Lockheed 18-56 LodeStar
1717,Lockheed 18-56 Lodestar
1718,Lockheed 188A Electra
1719,Lockheed 188C  Electra
1720,Lockheed 188C Electra
1721,Lockheed 188PF Electra
1722,Lockheed 749 Constellation
1723,Lockheed 749-79-33 Constellation
1724,Lockheed 749-79-34 Constellation
1725,Lockheed 749A Constellation
1726,Lockheed 749A-79 Constellation
1727,Lockheed 749A-79-32 Constellation
1728,Lockheed 749A-79-33 Constellation
1729,Lockheed 749C-79-12 Constellation
1730,Lockheed AC-130A Hercules
1731,Lockheed C-121C Super Constellation
1732,Lockheed C-130
1733,Lockheed C-130 Hercules
1734,Lockheed C-130A
1735,Lockheed C-130A Hercules
1736,Lockheed C-130A-II Hercules
1737,Lockheed C-130B
1738,Lockheed C-130B Hercules
1739,Lockheed C-130E
1740,Lockheed C-130E Hercules
1741,Lockheed C-130E-I Hercules
1742,Lockheed C-130H
1743,Lockheed C-130H Hercules
1744,Lockheed C-130H-30
1745,Lockheed C-130HF
1746,Lockheed C-130K Hercules
1747,Lockheed C-141A
1748,Lockheed C-141A (L.300)
1749,Lockheed C-141B
1750,Lockheed C-141B / Lockheed C141B
1751,Lockheed C-28
1752,Lockheed C-5A
1753,Lockheed C-5A Galaxy
1754,Lockheed C-60 Lodestar
1755,Lockheed C-69 Constellation
1756,Lockheed C121J
1757,Lockheed C130B
1758,Lockheed C130D
1759,Lockheed CC-130E
1760,Lockheed CC-130E Hercules
1761,Lockheed EC-121H
1762,Lockheed EC-121M
1763,Lockheed EC-121P
1764,Lockheed EC-130E Hercules
1765,Lockheed EC-130Q
1766,Lockheed EC121R
1767,Lockheed HC-130H Hercules
1768,Lockheed HC-130P Hercules
1769,Lockheed Hercules C-130
1770,Lockheed Hercules C.1
1771,Lockheed Hercules KC-130R
1772,Lockheed Hercules MC-130H
1773,Lockheed Hudson
1774,Lockheed Hudson A16-97
1775,Lockheed Hudson VI
1776,Lockheed KC-130F
1777,Lockheed L- 749A Constellation
1778,Lockheed L-049 Constellation
1779,Lockheed L-049-46 Constellation
1780,Lockheed L-049-46-26 Constellation
1781,Lockheed L-100 Hercules
1782,Lockheed L-100-20 Hercules
1783,Lockheed L-100-30 Hercules
1784,Lockheed L-1011
1785,Lockheed L-1011 TriStar1
1786,Lockheed L-1011-1 TriStar
1787,Lockheed L-1011-100
1788,Lockheed L-1011-200
1789,Lockheed L-1049H Super Constellation
1790,Lockheed L-1649A Starliner
1791,Lockheed L-18-56 Lodestar
1792,Lockheed L-188A Electra
1793,Lockheed L-188AF Electra
1794,Lockheed L-188C Electra
1795,Lockheed L-188CF Electra
1796,Lockheed L-382B Hercules
1797,Lockheed L-649 Constellation
1798,Lockheed L-749 / Cessna 140
1799,Lockheed L-749-79-33 Constellation
1800,Lockheed L-749A Constellation
1801,Lockheed L-749A-79 Constellation
1802,Lockheed L188A Electra
1803,Lockheed MC-130E-Y
1804,Lockheed MC-130H Hercules
1805,Lockheed Martin L-100-10
1806,Lockheed Martin L-100-30 Hercules
1807,Lockheed Orion
1808,Lockheed Orion 9
1809,Lockheed Orion 9D
1810,Lockheed Orion 9E Explorer float plane
1811,Lockheed P-3A
1812,Lockheed P-3A Orion
1813,Lockheed P-3B Orion
1814,Lockheed P-3C / Convair CV-990-30A-5
1815,Lockheed P-3C / Lockheed P-3C
1816,Lockheed P-3C Orion /Convair CV-990
1817,Lockheed P2V-7
1818,Lockheed R-7V1
1819,Lockheed R7V-1
1820,Lockheed Super Constellation
1821,Lockheed Vega
1822,Lockheed Vega 2
1823,Lockheed Vega 5
1824,Lockheed Vega 5B
1825,Lockheed Vega 5C
1826,Lockheed WC-130H Hercules
1827,Lockheed WV-2
1828,Lockheed WV-2 Super Constellation
1829,Loening C-2C
1830,Loening C-W Air Yaht
1831,MBB HFB-320 Hansa Jet
1832,MD DC-8-11 / Lockheed  1049 S Const
1833,MD Douglas DC-9-15 / Beechcraft Baron-55
1834,MD Douglas DC-9-31/Piper Cherokee PA-28
1835,MD Douglas DC-9-32 / Piper PA-28-181
1836,MD Douglas DC-9-32/Convair CV-990A
1837,MD-87 / Cessna 525A Citation II
1838,MDonnell Dougals DC-9
1839,MDonnell Douglas 369FF Rotocraft
1840,MDonnell Douglas DC-9-32
1841,MDonnell Douglas MD-81
1842,MH-47 Chinook helicopter
1843,Macchi C-94
1844,Martin 202
1845,Martin 202A / DC-3
1846,Martin 404
1847,Martin M-130 (flying boat)
1848,Martin Mariner
1849,Martin PBM-3S  / Martin PBM-5
1850,McDonnel F-4E Phantom II
1851,McDonnell DC-9-32
1852,McDonnell Douglas 369D
1853,McDonnell Douglas DC-10-10
1854,McDonnell Douglas DC-10-30
1855,McDonnell Douglas DC-10-30CF
1856,McDonnell Douglas DC-8
1857,McDonnell Douglas DC-8 Super 61
1858,McDonnell Douglas DC-8 Super 62
1859,McDonnell Douglas DC-8 Super 63PF
1860,McDonnell Douglas DC-8-12
1861,McDonnell Douglas DC-8-21
1862,McDonnell Douglas DC-8-33
1863,McDonnell Douglas DC-8-43
1864,McDonnell Douglas DC-8-51
1865,McDonnell Douglas DC-8-52
1866,McDonnell Douglas DC-8-53
1867,McDonnell Douglas DC-8-54F37
1868,McDonnell Douglas DC-8-55F
1869,McDonnell Douglas DC-8-61
1870,McDonnell Douglas DC-8-61F
1871,McDonnell Douglas DC-8-62
1872,McDonnell Douglas DC-8-62H
1873,McDonnell Douglas DC-8-63
1874,McDonnell Douglas DC-8-63AF
1875,McDonnell Douglas DC-8-63CF
1876,McDonnell Douglas DC-8-63F
1877,McDonnell Douglas DC-8-71F
1878,McDonnell Douglas DC-8-Super 63CF
1879,McDonnell Douglas DC-8F-54F
1880,McDonnell Douglas DC-8F-55
1881,McDonnell Douglas DC-9 and Cessna 150F
1882,McDonnell Douglas DC-9-14
1883,McDonnell Douglas DC-9-15
1884,McDonnell Douglas DC-9-15RC
1885,McDonnell Douglas DC-9-30
1886,McDonnell Douglas DC-9-31
1887,McDonnell Douglas DC-9-31 / F4-B
1888,McDonnell Douglas DC-9-31 / Trident 3B
1889,McDonnell Douglas DC-9-32
1890,McDonnell Douglas DC-9-33CF
1891,McDonnell Douglas DC-9-33RC
1892,McDonnell Douglas DC-9-51
1893,McDonnell Douglas DC-9-82 / Cessna 441
1894,McDonnell Douglas MD-11
1895,McDonnell Douglas MD-81
1896,McDonnell Douglas MD-82
1897,McDonnell Douglas MD-83
1898,McDonnell Douglas MD-88
1899,McDonnell Douglas MD-90-30
1900,McDonnell-Douglas MD-82
1901,Messerschmitt M-20
1902,Messerschmitt M-20B
1903,Mi 8
1904,Mi-17
1905,Mi-17 Helicopter
1906,Mi-35
1907,Mi-8
1908,Mi-8 helicopter
1909,Mi-8MTV-1
1910,MiG-15 UTI
1911,MiG-23
1912,Mil Mi 8T (helicopter)
1913,Mil Mi-17
1914,Mil Mi-17 ( helicopter)
1915,Mil Mi-17 (helicopter)
1916,Mil Mi-18 Helicopter
1917,Mil Mi-26
1918,Mil Mi-4 / Mil Mi-4
1919,Mil Mi-8
1920,Mil Mi-8 (helicopter)
1921,Mil Mi-8 / Mil Mi-8
1922,Mil Mi-8MTV (helicopter)
1923,Mil Mi-8MTV-1
1924,Mil Mi-8T
1925,Mil Mi-8T (helicopter)
1926,Military - Ecudorian Air Force
1927,Military - U.S. Air Force
1928,Mitsubish MU-2 uise
1929,Mitsubishi MC-20
1930,Mitsubishi MU 2B 35
1931,Mitsubishi MU-2B
1932,Mitsubishi MU-2B-60
1933,Mitsubishi MU-2J
1934,Mitsubishi MU-2L Marquise
1935,NA Rockwell 112
1936,NAMC YS-11A-202
1937,NAMC YS-11A-211
1938,NAMC YS-11A-219
1939,NAMC YS-11A-227
1940,NAMC YS-11A-300F
1941,NAMC YS-11A-500
1942,NAMC-YS-11-111
1943,Nakajima DC-2
1944,Nord 2501 Noratlas
1945,Nord 262
1946,Nord 262A-34
1947,Nord 262A-44
1948,Nord 262C-66
1949,Nord 262E
1950,Norman BN-2A-6
1951,North American B-25D bomber
1952,North American CT-39A Sabreline
1953,North American F-100D-25NA
1954,Northrop Alpha
1955,Northrop Delta
1956,Northrop F-5A
1957,OFM F-VIIb/3m
1958,PA- 31-350 Chieftain
1959,PA-23-250
1960,PA-34-220T Seneca III
1961,PBY-5A Catalina
1962,PBY4-2 Privateer / PB4Y-2 Privateer
1963,PS-1
1964,PS-1 amphibious ASW
1965,PT-LCN
1966,PZL-MieleAN-2R
1967,PZL-MieleM28
1968,Partenavia P-68C
1969,Pel Air
1970,Piaggio PD-808
1971,Pilatus Britten Norman BN-2A-27 Islander
1972,Pilatus Britten-Norman BN-2A-21 Islander
1973,Pilatus Britten-Norman BN-2B-27 Islander
1974,Pilatus PC-12/45
1975,Pilatus PC-6
1976,Pilatus PC-6 Turbo Porter
1977,Pilatus PC-6 Turbo Porter / Cessna 206
1978,Pilatus PC-6/B2-H2 Turbo-Porter
1979,Pilatus PC6CH2
1980,Pilatus Pc-6C
1981,Pilatus-Britten Norman BN-2A-27 Islander
1982,Pilatus-Britten Norman BN-2B-26 Islander
1983,Pilgrim 100B
1984,Piper Aero Commander 560E
1985,Piper Aerostar 601 / Bell 412SP
1986,Piper Cherokee Arrow  PA-28
1987,Piper Navajo PA-31/ Piper Seminole PA-44
1988,Piper PA-18
1989,Piper PA-23
1990,Piper PA-23-250
1991,Piper PA-23-250 Aztec
1992,Piper PA-24
1993,Piper PA-24-250 Comanche
1994,Piper PA-28
1995,Piper PA-28-161
1996,Piper PA-28-180
1997,Piper PA-28-181
1998,Piper PA-28R
1999,Piper PA-30
2000,Piper PA-30 / Cessna 337A
2001,Piper PA-31
2002,Piper PA-31-250
2003,Piper PA-31-310
2004,Piper PA-31-310 Navajo
2005,Piper PA-31-325 Navajo
2006,Piper PA-31-350
2007,Piper PA-31-350 Chieftain
2008,Piper PA-31-350 Navajo
2009,Piper PA-31-350 Navajo Chieftain
2010,Piper PA-31T
2011,Piper PA-32
2012,Piper PA-32-260
2013,Piper PA-32-300
2014,Piper PA-32-301
2015,Piper PA-32-301 Cherokee
2016,Piper PA-32-R301 Saratoga II HP
2017,Piper PA-32R
2018,Piper PA-32R-300
2019,Piper PA-32RT-300
2020,Piper PA-34
2021,Piper PA-42
2022,Piper PA-42 Cheyenne
2023,Piper PA31-310
2024,Pipper PA-23-250 Aztec
2025,Pitcairn PA-6 Mailwing
2026,Pitcairns PA-6
2027,Potez 621
2028,Potez IX
2029,Robertson 414
2030,Robertson C-U206F
2031,Robertson R44 helicopter
2032,Rochrbach Roland
2033,Rockwell 1121B Jet Commander
2034,Rockwell 500S Shrike Commander
2035,Rockwell CT-39A Sabreliner
2036,Rockwell Gulfstream Jetprop 840
2037,Rockwell International 690B
2038,Rockwell Sabreliner 40
2039,Rockwell Sabreliner 60
2040,Rockwell Sabreliner 65
2041,Rockwell Turbo Commander 690B
2042,Rohrbach Roland
2043,Royal Airship Works R-101
2044,Royal Airship Works ZR-2 (airship)
2045,Rutan Long EZ (experimental aircraft)
2046,Ryan M-1
2047,S2F-1 / HSS-2
2048,SNCASE Languedoc
2049,SNCASE SE.2010 Armagnac
2050,SNIAS SA330J
2051,SPCA Meteore 63
2052,Saab 340B
2053,Saab Scandia
2054,Saab Scandia / Cessna 310
2055,Saab Scandia 90A-1
2056,Saab340B
2057,Sabca F-VII
2058,Sabca S-73
2059,Salmson 2-A-2
2060,Saro Cloud
2061,Savbia-Marchetti  S-73P
2062,Savoia Marchetti S-66
2063,Savoia Marchetti SM-95
2064,Savoia-Marchetti SM-75
2065,Savoia-Marchetti SM-95
2066,Savoia-Marchetti SM73
2067,Savoia-Marchetti SM83
2068,Schutte-Lanz S-L-10 (airship)
2069,Schutte-Lanz S-L-9 (airship)
2070,Sepecat Jaguar A
2071,Shaanxi Y-8D
2072,Shaanxi Yunshuji Y-8/Yunshuji Y-8
2073,Short  S-23 (flying boat)
2074,Short  S-29 Stirling V
2075,Short 360
2076,Short Calcutta
2077,Short Empire Flying Boat
2078,Short Kent
2079,Short S-23
2080,Short S-23 (flying boat)
2081,Short S-26 (flying boat)
2082,Short S23 ‘C’ Class flying boat
2083,Short SC7- Skyvan
2084,Short Sandringham (flying boat)
2085,Short Sandringham 2 (flying boat)
2086,Short Sandringham 5 (flying boat)
2087,Short Sandringham 6 (flying boat)
2088,Short Solent 3 (flying boat)
2089,Short Stirling
2090,Short Stirling IV
2091,Short Sunderland
2092,Short Sunderland (flying boat)
2093,Short Sunderland 3 (flying boat)
2094,Short Sunderland 9 (flying boat)
2095,Shorts 330-200
2096,Shorts 360
2097,Shorts 360-100
2098,Shorts 360-100 /Shorts 360-300
2099,Shorts 360-300
2100,Shorts SC-7 Skyvan
2101,Shorts SC-7 Skyvan 3-100
2102,Shorts SC-7 Skyvan 3-200
2103,Shorts SC-7 Skyvan 3-300
2104,Shorts SC-7 Skyvan 3A-200
2105,Shorts SC-7 Skyvan 3M Variant 100
2106,Shorts SC.7 Skyvan 3-100
2107,Shrike Commander 500S
2108,Siebel Si-204
2109,Sikorksky CH-53 (helicopter)
2110,Sikorsky  S 76 A
2111,Sikorsky CH-53A (helicopter)
2112,Sikorsky CH-53C (helicopter)
2113,Sikorsky CH-53D
2114,Sikorsky CH-53D (helicopter)
2115,Sikorsky CH53D / Sikorsky CH53D
2116,Sikorsky S 76
2117,Sikorsky S-25
2118,Sikorsky S-38 Flying Boat
2119,Sikorsky S-38B
2120,Sikorsky S-38BB
2121,Sikorsky S-42 (flying boat)
2122,Sikorsky S-42A
2123,Sikorsky S-42B (flying boat)
2124,Sikorsky S-43
2125,Sikorsky S-43 (flying boat)
2126,Sikorsky S-43B (flying boat)
2127,Sikorsky S-55B
2128,Sikorsky S-58C helicopter
2129,Sikorsky S-58ET
2130,Sikorsky S-58ET (helilcopter)
2131,Sikorsky S-58T
2132,Sikorsky S-61L helicopter
2133,Sikorsky S-61N
2134,Sikorsky S-61N-II
2135,Sikorsky S-62A
2136,Sikorsky S-70 / Sikorsky S-70
2137,Sikorsky S-76
2138,Sikorsky S-76A
2139,Sikorsky S-76B helicopter
2140,Sikorsky S-76C
2141,Sikorsky S-92A
2142,Sikorsky S43 (flying boat)
2143,Sikorsky S61-L
2144,Sikorsky S61L
2145,Sikorsky UH-60 / Sikorsky UH-60
2146,Sikorsky UH-60A / Sikorsky UH-60A
2147,Sikorsky UH-60L Black Hawk
2148,Silver City Airways
2149,Sinson
2150,Sirkorsky 44A (flying boat)
2151,Soloy 12EJ3
2152,Stearman 4
2153,Stearman C-38
2154,Stearman C-3MB
2155,Stearman M-2 Speedmail
2156,Stinson
2157,Stinson  SM-6000B
2158,Stinson AT-19
2159,Stinson Model A
2160,Stinson Reliant
2161,Stinson SM-2A
2162,Stinson SM-6000-B
2163,Stinson SM-6000B
2164,Stinson SM6000B Tri-motor
2165,Stinson SR-7 Reliant
2166,Sud Aviation Caravelle 1
2167,Sud Aviation Caravelle 10R
2168,Sud Aviation Caravelle 3
2169,Sud Aviation SA 318C
2170,Sud Aviation SE 210 Caravelle III
2171,Sud Aviation SE-210 Caravelle
2172,Sud Aviation SE-210 Caravelle 10R
2173,Sud Aviation SE-210 Caravelle 6N
2174,Sud Aviation SE-210 Caravelle III
2175,Sud Aviation SE-210 Caravelle VIN
2176,Sud Aviation SE-210 Caravelle VIR
2177,Sud-Aviation  Caravelle VI-N
2178,Sud-Aviation Caravelle 10-R
2179,Sud-Aviation Caravelle 3
2180,Sud-Aviation Caravelle III
2181,Sud-Aviation Caravelle VI-N
2182,Sud-Aviation Caravelle VI-R
2183,Sud-Aviation SE210 Caravelle
2184,Sukhoi Su-27
2185,Super Zeppelin (airship)
2186,Swear. SA-227CC Metro 23/Piper Navajo
2187,Swearingen 226TC Metro II
2188,Swearingen SA-226AT Merlin IV
2189,Swearingen SA-226T Metro II
2190,Swearingen SA-226TC / Mooney M-20C
2191,Swearingen SA-226TC Metro II
2192,Swearingen SA-226TC Metroliner II
2193,Swearingen SA-227AC Metro III
2194,Swearingen SA-26TC Metro II
2195,Swearingen SA.226AT Merlin IV
2196,Swearingen SA.226TC Metro I
2197,Swearingen SA.226TC Metro II
2198,Swearingen SA.227AC Metro
2199,Swearingen SA.227AC Metro III
2200,Swearingen SA.227AT Merlin IVC
2201,Swearingen SA227-AC
2202,Swearingen SA227AC Metro III
2203,Swearingen SA227AC Metroliner III
2204,Swearingen SA227AT Merlin IVC
2205,Swearingen SA26AT
2206,Swearingen SA26T
2207,Transall C-160
2208,Transall C-160D
2209,Transall C-160NG
2210,Transportes Aéreos Orientales
2211,Travel Air 4000
2212,Travel Air 6000
2213,Travel Air A6000A
2214,Travel Air B6000
2215,Tupelov 134AK
2216,Tupelov Tu-124
2217,Tupolev 134A
2218,Tupolev 134A-3
2219,Tupolev 154B
2220,Tupolev 154B-2
2221,Tupolev 154M
2222,Tupolev ANT-20 / I-5
2223,Tupolev TU 154B-2
2224,Tupolev TU-104
2225,Tupolev TU-104-A
2226,Tupolev TU-104A
2227,Tupolev TU-104B
2228,Tupolev TU-114B
2229,Tupolev TU-124
2230,Tupolev TU-134
2231,Tupolev TU-134A
2232,Tupolev TU-134A / Antonov An-26
2233,Tupolev TU-134A / Tupolev Tu-134A
2234,Tupolev TU-134B-3
2235,Tupolev TU-144
2236,Tupolev TU-154
2237,Tupolev TU-154A
2238,Tupolev TU-154B
2239,Tupolev TU-154B-1
2240,Tupolev TU-154B-2
2241,Tupolev TU-154M
2242,Tupolev TU-154M / Boeing B-757-23APF
2243,Tupolev TU-154M / C-141 Starlifter
2244,Tupolev TU-154M / Sukhoi Su-24
2245,Tupolev Tu-104A
2246,Tupolev Tu-104B
2247,Tupolev Tu-154
2248,Tupolev Tu-154M
2249,UC-64A Noorduyn Norseman
2250,UH-60 Black Hawk / UH-60 Black Hawk
2251,UH-60 Blackhawk helilcopter
2252,V6 (airship)
2253,VEB 14P
2254,Vickers 604 Viking 1B
2255,Vickers 610 Viking 1B
2256,Vickers 610 Viking-1B
2257,Vickers 614 Viking 1
2258,Vickers 615 Viking 1B
2259,Vickers 616 Viking 1B
2260,Vickers 620 Viking 1
2261,Vickers 621 Viking 1
2262,Vickers 628 Viking 1B
2263,Vickers 634 Viking
2264,Vickers 634 Viking 1B
2265,Vickers 639 Viking 1
2266,Vickers 708 Viscount
2267,Vickers 720 Viscount
2268,Vickers 74 Vulcan
2269,Vickers 757 Viscount
2270,Vickers 785D Viscount
2271,Vickers 798D Viscount
2272,Vickers 802 Viscount
2273,Vickers 803 Viscount
2274,Vickers 804 Viscount
2275,Vickers 813 Viscount
2276,Vickers 815 Viscount
2277,Vickers 828 Viscount
2278,Vickers 837 Viscount
2279,Vickers 952F Vanguard
2280,Vickers Valetta
2281,Vickers Valetta C-1
2282,Vickers Valetta C-Mk.1
2283,Vickers Valetta Mk1 / Avero Lancaster
2284,Vickers Valetta T-3
2285,Vickers Vanguard 951
2286,Vickers Vanguard 952
2287,Vickers Viking
2288,Vickers Viking 1B
2289,Vickers Viking 1B & Soviet YAK-3 fighter
2290,Vickers Viking 3B
2291,Vickers Viking 610-1B
2292,Vickers Viscount
2293,Vickers Viscount 701
2294,Vickers Viscount 701C
2295,Vickers Viscount 708
2296,Vickers Viscount 710C
2297,Vickers Viscount 720
2298,Vickers Viscount 724
2299,Vickers Viscount 739A
2300,Vickers Viscount 739B
2301,Vickers Viscount 745D
2302,Vickers Viscount 745D / T-33A
2303,Vickers Viscount 748D
2304,Vickers Viscount 749
2305,Vickers Viscount 754D
2306,Vickers Viscount 755D
2307,Vickers Viscount 759D
2308,Vickers Viscount 763
2309,Vickers Viscount 764 D
2310,Vickers Viscount 764D
2311,Vickers Viscount 768D
2312,Vickers Viscount 781D
2313,Vickers Viscount 782D
2314,Vickers Viscount 785D
2315,Vickers Viscount 794D
2316,Vickers Viscount 803
2317,Vickers Viscount 804
2318,Vickers Viscount 812
2319,Vickers Viscount 816
2320,Vickers Viscount 818
2321,Vickers Viscount 827 / Fokker AT-6
2322,Vickers Viscount 828
2323,Vickers Viscount 832
2324,Vickers Viscount 837
2325,Vickers Viscount 838
2326,Vickers Wellington bomber
2327,Volpar 18
2328,Volpar C45G
2329,Vultee V-1
2330,'Waco, model YLC'
2331,Westland Sea King HC-4 (helicopter)
2332,Wibault 280
2333,Wibault 282T-12
2334,Wibault 283-T12
2335,Wright Flyer III
2336,Xian Yunshuji Y-7-100C
2337,Yakovlev 40
2338,Yakovlev 40D
2339,Yakovlev 42D
2340,Yakovlev YAK-40
2341,Yakovlev YAK-40 / Mil Mi-8
2342,Yakovlev YAK-42
2343,Yakovlev YAK-42D
2344,Yakovlev Yak-40
2345,Yunshuji Y-12
2346,Yunshuji Y-12-II
2347,Yunshuji Y-8D
2348,Zeppelin Dixmunde (airship)
2349,Zeppelin L-1 (airship)
2350,Zeppelin L-10 (airship)
2351,Zeppelin L-2 (airship)
2352,Zeppelin L-22 (airship)
2353,Zeppelin L-23 (airship)
2354,Zeppelin L-31 (airship)
2355,Zeppelin L-32 (airship)
2356,Zeppelin L-34 (airship)
2357,Zeppelin L-43 (airship)
2358,Zeppelin L-44 (airship)
2359,Zeppelin L-53 (airship)
2360,Zeppelin L-59 (airship)
2361,Zeppelin L-70 (airship)
2362,Zeppelin L-8 (airship)
2363,Zeppelin LZ-129
2364,de Hav Can. DHC-6 Tw Otter 100/ Cessna
2365,de Havilland  Canada  DHC-5D Buffalo
2366,de Havilland 104-6A
2367,de Havilland 104-7X
2368,de Havilland 106A
2369,de Havilland 110
2370,de Havilland C-7B / Boeing Vertol CH-47A
2371,de Havilland Can. DHC-6 -300/ Bell 206B
2372,de Havilland Canada C-7A Caribou
2373,de Havilland Canada C-7B Caribou
2374,de Havilland Canada CV-2B Caribou
2375,de Havilland Canada DHC-2 Beaver
2376,de Havilland Canada DHC-2 Mark I Beaver
2377,de Havilland Canada DHC-3 Otter
2378,de Havilland Canada DHC-3 Turbo Otter
2379,de Havilland Canada DHC-4 Caribou
2380,de Havilland Canada DHC-4A
2381,de Havilland Canada DHC-4A Caribou
2382,de Havilland Canada DHC-4T Caribou
2383,de Havilland Canada DHC-5 Buffalo
2384,de Havilland Canada DHC-5D Buffalo
2385,de Havilland Canada DHC-6 Twin Otter
2386,de Havilland Canada DHC-6 Twin Otter 100
2387,de Havilland Canada DHC-6 Twin Otter 200
2388,de Havilland Canada DHC-6 Twin Otter 300
2389,de Havilland Canada DHC-6 Twin Otter 310
2390,de Havilland Canada DHC-6-300 Twin Otter
2391,de Havilland Canada DHC-7-102
2392,de Havilland Canada DHC-7-103
2393,de Havilland Canada DHC-8-102
2394,de Havilland Canada DHC-8-103
2395,de Havilland Canada DHC-8-301
2396,de Havilland Canada U-1A Otter
2397,de Havilland Comet 4
2398,de Havilland Comet 4B
2399,de Havilland Comet 4C
2400,de Havilland DH-104
2401,de Havilland DH-104 / Piper PA-28
2402,de Havilland DH-106 Comet 4
2403,de Havilland DH-114 Heron
2404,de Havilland DH-114 Heron 1B
2405,de Havilland DH-114 Heron 2
2406,de Havilland DH-114 Heron 2B
2407,de Havilland DH-114 Heron 2D
2408,de Havilland DH-125-1A
2409,de Havilland DH-125-400A
2410,de Havilland DH-18 / Farman F-60 Goliath
2411,de Havilland DH-34
2412,de Havilland DH-34B
2413,de Havilland DH-50A
2414,de Havilland DH-66 Hercules
2415,de Havilland DH-84
2416,de Havilland DH-84 Dragon
2417,de Havilland DH-86
2418,de Havilland DH-86A
2419,de Havilland DH-89A Dragon Rapide
2420,de Havilland DH-9
2421,de Havilland DH-9C
2422,de Havilland DH.50J
2423,de Havilland DH106 Comet 1
2424,de Havilland DH106 Comet 1A
2425,de Havilland DH114 Heron 2E
2426,de Havilland DHA-3 Drover II
2427,de Havilland DHC -6-100
2428,de Havilland DHC-2
2429,de Havilland DHC-2 Beaver
2430,de Havilland DHC-2 MK.1 Beaver
2431,de Havilland DHC-2 Mk 1 Beaver
2432,de Havilland DHC-3
2433,de Havilland DHC-3 Otter
2434,de Havilland DHC-5 Buffalo
2435,de Havilland DHC-6
2436,de Havilland DHC-6 Twim Otter 100
2437,de Havilland DHC-6 Twin Otter 300
2438,de Havilland DHC-6-200
2439,de Havilland Dash-2 Beaver
2440,de Havilland Dash-2 float plane
2441,de Havilland Dove 1
2442,de Havilland Dragon 1
2443,de Havilland RU-6A Beaver /Bell UH-1H
2444,de havilland Canada Twin Otter 200
2445,deHavilland DH-86
